feature,gain,gain_share
product_category,16531.627351760864,0.22240601780498523
geo,10252.867835998535,0.13793557391325814
creative_format,6905.656072616577,0.09290431212616675
audience_segment,4977.761497497559,0.06696764260921301
age_bracket,4727.188995361328,0.06359659926388776
planned_budget_inr,3431.991298675537,0.046171831825043134
audience_size_lakh,2804.1627922058105,0.037725425732208585
creative_age_days,2611.385001182556,0.03513191573404396
gold_price_per_gram,2470.889009475708,0.03324177186809515
creative_language,2240.605794906616,0.030143687715225145
hist_roas_campaign,1765.830898284912,0.02375636770948115
bid_strategy,1682.0867004394531,0.022629726444179616
festival_window,1592.9083967208862,0.02142997816879054
hist_ctr_creative_lang,1575.2214946746826,0.021192029818776225
hist_roas_category,1400.8583993911743,0.018846259444873763
platform,1399.9969930648804,0.018834670631100833
gold_price_momentum_30d,1389.6943016052246,0.018696064761789883
week_of_year,1287.063497543335,0.01731533508830754
hist_roas_platform_format,1240.6682958602905,0.016691163503016755
payday_share,986.6042957305908,0.013273147760577877
active_days,895.5244054794312,0.012047816747371976
days_to_festival,826.8182935714722,0.011123488341996614
gender_target,520.6484956741333,0.007004474280428668
weekend_share,426.6136989593506,0.005739389831848444
month,386.1717014312744,0.0051953088753332695
